[
  {
    "question_type": "summarize_text_in_one_word",
    "difficulty_level": "1",
    "question": "请用一句话总结卫星通信的特点。",
    "answer": "卫星通信具有远距离、低成本、不受地形限制、适用于活动目标通信、容量大、军事应用重要且不易受战争破坏等特点。"
  },
  {
    "question_type": "suggest_title",
    "difficulty_level": "2",
    "question": "为卫星通信有效载荷部分设计一个标题。",
    "answer": "卫星通信有效载荷：天线与转发器的协同工作"
  },
  {
    "question_type": "generate_paragraph",
    "difficulty_level": "2",
    "question": "请以段落的形式重写静止轨道卫星如何实现全球通信的内容。",
    "answer": "通过在地球静止轨道上均匀分布三颗卫星，可以实现除南北极附近地区外的全球不间断通信。这些卫星位于高度为35786千米的轨道上，单颗卫星的覆盖范围可达地球表面积的42.4%。利用这种布局，无论是在海洋、沙漠还是山区，只要在卫星覆盖范围内，都可以设置地面通信站进行通信。"
  },
  {
    "question_type": "design_experiment",
    "difficulty_level": "3",
    "question": "设计一个实验来验证卫星通信的有效性。",
    "answer": "实验名称：卫星通信有效性验证\n实验目的：验证卫星通信在不同地理条件下的通信效果。\n实验步骤：\n1. 选择三个不同地理条件的地点（如城市、山区、海岛）。\n2. 在每个地点设置相同的地面通信站，并连接到同一颗静止轨道卫星。\n3. 发送相同的数据包，记录传输时间、误码率等关键指标。\n4. 分析数据，比较不同地点的通信效果。\n预期结果：卫星通信在不同地理条件下均能保持稳定的通信质量，证明其在复杂环境中的有效性。"
  },
  {
    "question_type": "rewrite_simplification_rewrite",
    "difficulty_level": "1",
    "question": "简化并重写卫星通信中继站的作用。",
    "answer": "卫星通信中继站接收前一站信号，放大后传给下一站，从而实现远距离通信。"
  },
  {
    "question_type": "calculate_complex_formula_calculate",
    "difficulty_level": "3",
    "question": "假设每两个转发器之间留有4MHz保护带宽，请计算500MHz带宽内可以安排多少路转发器？",
    "answer": "根据题目信息，每路转发器占用36MHz带宽，每两个转发器之间留有4MHz保护带宽。因此，每路转发器实际占用的带宽为36MHz + 4MHz = 40MHz。500MHz带宽内可以安排的转发器数量为500MHz / 40MHz = 12.5路。由于转发器数量必须是整数，所以最多可以安排12路转发器。"
  },
  {
    "question_type": "explain_concept",
    "difficulty_level": "2",
    "question": "解释什么是区域赋形波束及其作用。",
    "answer": "区域赋形波束是一种通过修改反射面形状或使用多馈源产生多个波束组合的方法，将能量集中在特定服务区内，避免能量浪费。它能够提高通信效率，减少不必要的能量消耗。"
  },
  {
    "question_type": "compare_and_contrast",
    "difficulty_level": "3",
    "question": "比较透明转发器和处理转发器的主要区别。",
    "answer": "透明转发器仅对信号进行低噪声放大、变频和功率放大，不进行任何加工处理；而处理转发器除了完成上述任务外，还具有信号处理的功能，可以对信号进行更复杂的操作。"
  },
  {
    "question_type": "describe_process",
    "difficulty_level": "2",
    "question": "描述卫星通信中转发器的工作过程。",
    "answer": "卫星通信中的转发器首先通过接收机接收到地面用户终端的上行信号，然后对其进行放大和下变频处理。接着，信号经过分路器和衰减器，再由功率放大器进行放大。最后，频率合成器将信号合成为下行信号，通过通信天线发送回地面相关用户终端。"
  },
  {
    "question_type": "list_characteristics",
    "difficulty_level": "1",
    "question": "列出卫星通信的几个主要特点。",
